{
  "CURRENT_DATE": "2026-07-15-16-32",
  "IMAGE_DIR_TRAIN": "./dataset/denoise/rand_image_512/",
  "IMAGE_DIR_EVAL": "./dataset/denoise/rand_image_512_eval/",
  "PATH_MODEL": "./path_models\\denoise\\only_noisy_img_Myosin_IIA",
  "BATCH_SIZE": 2,
  "BATCH_PER_EP": 600,
  "LEARNING_RATE": 0.0002,
  "EPOCHS": 200,
  "S": 256,
  "VIS_EVERY": 10,
  "VIS_NUM": 30,
  "EDGE": 5,
  "A": 2.241111,
  "B": -5.234278,
  "PHOTON1": 20,
  "PHOTON2": 80,
  "PSF_FWHM_MIN": 2,
  "PSF_FWHM_MAX": 5,
  "PSF_NUM": 200,
  "PSF_CROP_REL_THRESHOLD": 0.05,
  "PSF_FWHM_LIST": [
    2.0,
    2.0150753768844223,
    2.030150753768844,
    2.0452261306532664,
    2.0603015075376883,
    2.0753768844221105,
    2.090452261306533,
    2.1055276381909547,
    2.120603015075377,
    2.135678391959799,
    2.150753768844221,
    2.1658291457286434,
    2.180904522613065,
    2.1959798994974875,
    2.2110552763819094,
    2.2261306532663316,
    2.241206030150754,
    2.2562814070351758,
    2.271356783919598,
    2.28643216080402,
    2.301507537688442,
    2.3165829145728645,
    2.3316582914572863,
    2.3467336683417086,
    2.3618090452261304,
    2.3768844221105527,
    2.391959798994975,
    2.407035175879397,
    2.422110552763819,
    2.4371859296482414,
    2.4522613065326633,
    2.4673366834170856,
    2.4824120603015074,
    2.4974874371859297,
    2.5125628140703515,
    2.527638190954774,
    2.542713567839196,
    2.557788944723618,
    2.5728643216080402,
    2.5879396984924625,
    2.6030150753768844,
    2.6180904522613067,
    2.6331658291457285,
    2.648241206030151,
    2.6633165829145726,
    2.678391959798995,
    2.693467336683417,
    2.708542713567839,
    2.7236180904522613,
    2.7386934673366836,
    2.7537688442211055,
    2.7688442211055277,
    2.7839195979899496,
    2.798994974874372,
    2.8140703517587937,
    2.829145728643216,
    2.8442211055276383,
    2.85929648241206,
    2.8743718592964824,
    2.8894472361809047,
    2.9045226130653266,
    2.919597989949749,
    2.9346733668341707,
    2.949748743718593,
    2.964824120603015,
    2.979899497487437,
    2.9949748743718594,
    3.0100502512562812,
    3.0251256281407035,
    3.040201005025126,
    3.0552763819095476,
    3.0703517587939695,
    3.085427135678392,
    3.100502512562814,
    3.115577889447236,
    3.130653266331658,
    3.1457286432160805,
    3.1608040201005023,
    3.1758793969849246,
    3.190954773869347,
    3.2060301507537687,
    3.2211055276381906,
    3.2361809045226133,
    3.251256281407035,
    3.266331658291457,
    3.2814070351758793,
    3.2964824120603016,
    3.3115577889447234,
    3.3266331658291457,
    3.341708542713568,
    3.35678391959799,
    3.3718592964824117,
    3.3869346733668344,
    3.4020100502512562,
    3.417085427135678,
    3.4321608040201004,
    3.4472361809045227,
    3.4623115577889445,
    3.477386934673367,
    3.492462311557789,
    3.507537688442211,
    3.522613065326633,
    3.5376884422110555,
    3.5527638190954773,
    3.567839195979899,
    3.5829145728643215,
    3.5979899497487438,
    3.6130653266331656,
    3.628140703517588,
    3.64321608040201,
    3.658291457286432,
    3.6733668341708543,
    3.6884422110552766,
    3.7035175879396984,
    3.7185929648241203,
    3.7336683417085426,
    3.748743718592965,
    3.7638190954773867,
    3.778894472361809,
    3.7939698492462313,
    3.809045226130653,
    3.8241206030150754,
    3.8391959798994977,
    3.8542713567839195,
    3.8693467336683414,
    3.8844221105527637,
    3.899497487437186,
    3.914572864321608,
    3.92964824120603,
    3.9447236180904524,
    3.959798994974874,
    3.9748743718592965,
    3.9899497487437188,
    4.005025125628141,
    4.0201005025125625,
    4.035175879396984,
    4.050251256281407,
    4.065326633165829,
    4.080402010050252,
    4.0954773869346734,
    4.110552763819095,
    4.125628140703517,
    4.140703517587939,
    4.155778894472362,
    4.170854271356784,
    4.185929648241206,
    4.201005025125628,
    4.21608040201005,
    4.231155778894472,
    4.2462311557788945,
    4.261306532663316,
    4.276381909547739,
    4.291457286432161,
    4.306532663316583,
    4.321608040201005,
    4.3366834170854265,
    4.351758793969849,
    4.366834170854271,
    4.381909547738694,
    4.396984924623116,
    4.4120603015075375,
    4.427135678391959,
    4.442211055276381,
    4.457286432160804,
    4.472361809045227,
    4.4874371859296485,
    4.50251256281407,
    4.517587939698492,
    4.532663316582914,
    4.547738693467337,
    4.562814070351759,
    4.577889447236181,
    4.592964824120603,
    4.608040201005025,
    4.623115577889447,
    4.638190954773869,
    4.653266331658291,
    4.668341708542713,
    4.683417085427136,
    4.698492462311558,
    4.71356783919598,
    4.7286432160804015,
    4.743718592964823,
    4.758793969849246,
    4.773869346733669,
    4.788944723618091,
    4.8040201005025125,
    4.819095477386934,
    4.834170854271356,
    4.849246231155779,
    4.864321608040201,
    4.8793969849246235,
    4.894472361809045,
    4.909547738693467,
    4.924623115577889,
    4.939698492462311,
    4.954773869346734,
    4.969849246231156,
    4.984924623115578,
    5.0
  ],